headcount,attrition_rate,average_monthly_base_pay,average_tenure,median_tenure,training_participation_rate,overtime_rate
1470,0.16122448979591836,6502.931292517007,7.0081632653061225,5.0,0.963265306122449,0.2829931972789116
